<?xml version="1.0"?>
<Config name="地区代码配置项">
	<item Id="11" Name="北京" />
	<item Id="12" Name="天津" />
	<item Id="13" Name="河北" />
	<item Id="14" Name="山西" />
	<item Id="15" Name="内蒙古" />
	<item Id="21" Name="辽宁" />
	<item Id="22" Name="吉林" />
	<item Id="23" Name="黑龙江" />
	<item Id="31" Name="上海" />
	<item Id="32" Name="江苏" />
	<item Id="33" Name="浙江" />
	<item Id="34" Name="安徽" />
	<item Id="35" Name="福建" />
	<item Id="36" Name="江西" />
	<item Id="37" Name="山东" />
	<item Id="41" Name="河南" />
	<item Id="42" Name="湖北" />
	<item Id="43" Name="湖南" />
	<item Id="44" Name="广东" />
	<item Id="45" Name="广西" />
	<item Id="46" Name="海南" />
	<item Id="50" Name="重庆" />
	<item Id="51" Name="四川" />
	<item Id="52" Name="贵州" />
	<item Id="53" Name="云南" />
	<item Id="54" Name="西藏" />
	<item Id="61" Name="陕西" />
	<item Id="62" Name="甘肃" />
	<item Id="63" Name="青海" />
	<item Id="64" Name="宁夏" />
	<item Id="65" Name="新疆" />
	<item Id="0"  Name="香港"/>
	<item Id="0"  Name="澳門"/>
	<item Id="0"  Name="台湾"/>
</Config>