{
  "version": "0.3.0",
  "scope": "tree",
  "id": "71363da1-57d7-4866-af1f-ab13df3b8049",
  "title": "bbr_01",
  "description": "",
  "root": "7eaf3df7-a288-4e1c-bd36-c031d4241468",
  "properties": {},
  "nodes": {
    "7eaf3df7-a288-4e1c-bd36-c031d4241468": {
      "id": "7eaf3df7-a288-4e1c-bd36-c031d4241468",
      "name": "Priority",
      "title": "Priority",
      "description": "",
      "properties": {},
      "display": {
        "x": -504,
        "y": -36
      },
      "children": [
        "62a3c9d4-44ef-45e5-a3c8-7dafebd4955f",
        "8f824aae-8950-4a7a-946c-7027a5a9ead0"
      ]
    },
    "62a3c9d4-44ef-45e5-a3c8-7dafebd4955f": {
      "id": "62a3c9d4-44ef-45e5-a3c8-7dafebd4955f",
      "name": "MemSequence",
      "title": "MemSequence",
      "description": "",
      "properties": {},
      "display": {
        "x": -312,
        "y": -108
      },
      "children": [
        "2feb3963-6b9c-4180-87c7-4627feb329f6",
        "d93e17d4-bbf7-4dba-9f98-0510449d8287"
      ]
    },
    "ebde961d-5318-406c-8cc2-fb14848318b5": {
      "id": "ebde961d-5318-406c-8cc2-fb14848318b5",
      "name": "SubTree",
      "title": "SubTree(<treeName>)",
      "description": "",
      "properties": {
        "treeName": "more_hp_branch.json"
      },
      "display": {
        "x": 108,
        "y": -144
      }
    },
    "8f824aae-8950-4a7a-946c-7027a5a9ead0": {
      "id": "8f824aae-8950-4a7a-946c-7027a5a9ead0",
      "name": "SubTree",
      "title": "SubTree(<treeName>)",
      "description": "",
      "properties": {
        "treeName": "less_hp_branch.json"
      },
      "display": {
        "x": -192,
        "y": 36
      }
    },
    "2feb3963-6b9c-4180-87c7-4627feb329f6": {
      "id": "2feb3963-6b9c-4180-87c7-4627feb329f6",
      "name": "HpMoreThan",
      "title": "HpMoreThan(<rate>)",
      "description": "",
      "properties": {
        "rate": 0.5
      },
      "display": {
        "x": -120,
        "y": -192
      }
    },
    "d93e17d4-bbf7-4dba-9f98-0510449d8287": {
      "id": "d93e17d4-bbf7-4dba-9f98-0510449d8287",
      "name": "Priority",
      "title": "Priority",
      "description": "",
      "properties": {},
      "display": {
        "x": -156,
        "y": -108
      },
      "children": [
        "ebde961d-5318-406c-8cc2-fb14848318b5",
        "8fd54256-0503-47cd-a6fd-f7dcd4a41b22"
      ]
    },
    "8fd54256-0503-47cd-a6fd-f7dcd4a41b22": {
      "id": "8fd54256-0503-47cd-a6fd-f7dcd4a41b22",
      "name": "Succeeder",
      "title": "Succeeder",
      "description": "",
      "properties": {},
      "display": {
        "x": 60,
        "y": -84
      }
    }
  },
  "display": {
    "camera_x": 939,
    "camera_y": 546,
    "camera_z": 1,
    "x": -588,
    "y": -36
  },
  "custom_nodes": [
    {
      "version": "0.3.0",
      "scope": "node",
      "name": "Log",
      "category": "action",
      "title": "Log",
      "properties": {}
    },
    {
      "version": "0.3.0",
      "scope": "node",
      "name": "AttrLimit",
      "category": "condition",
      "title": "AttrLimit[<attr>]<<limit>",
      "properties": {}
    },
    {
      "version": "0.3.0",
      "scope": "node",
      "name": "Rand",
      "category": "action",
      "title": "Rand[<index>]",
      "properties": {}
    },
    {
      "version": "0.3.0",
      "scope": "node",
      "name": "TurnIndex",
      "category": "action",
      "title": "TurnIndex[<index>]",
      "properties": {}
    },
    {
      "version": "0.3.0",
      "scope": "node",
      "name": "CheakBall",
      "category": "condition",
      "title": "CheakBall[<index>]",
      "properties": {}
    },
    {
      "version": "0.3.0",
      "scope": "node",
      "name": "TurnTarget",
      "category": "action",
      "title": "TurnTarget[<index>]",
      "properties": {}
    },
    {
      "version": "0.3.0",
      "scope": "node",
      "name": "CheckEnemyNear",
      "category": "condition",
      "title": "CheckEnemyNear",
      "properties": {}
    },
    {
      "version": "0.3.0",
      "scope": "node",
      "name": "TurnAwayTarget",
      "category": "action",
      "title": "TurnAwayTarget",
      "properties": {}
    },
    {
      "version": "0.3.0",
      "scope": "node",
      "name": "CheckNearPlayer",
      "category": "condition",
      "title": "CheckNearPlayer",
      "properties": {}
    },
    {
      "version": "0.3.0",
      "scope": "node",
      "name": "CheckBool",
      "category": "condition",
      "title": "CheckBool",
      "properties": {}
    },
    {
      "version": "0.3.0",
      "scope": "node",
      "name": "CastSkill",
      "category": "action",
      "title": "CastSkill",
      "properties": {}
    },
    {
      "version": "0.3.0",
      "scope": "node",
      "name": "CancelSkill",
      "category": "action",
      "title": "CancelSkill",
      "properties": {}
    },
    {
      "version": "0.3.0",
      "scope": "node",
      "name": "TargetAttrLess",
      "category": "condition",
      "title": "",
      "properties": {}
    },
    {
      "version": "0.3.0",
      "scope": "node",
      "name": "FaceToTarget",
      "category": "action",
      "title": null,
      "properties": {}
    },
    {
      "version": "0.3.0",
      "scope": "node",
      "name": "FindUnitByType",
      "category": "action",
      "title": null,
      "properties": {}
    },
    {
      "version": "0.3.0",
      "scope": "node",
      "name": "WalkFarAwayTarget",
      "category": "action",
      "title": null,
      "properties": {}
    },
    {
      "version": "0.3.0",
      "scope": "node",
      "name": "WalkToTarget",
      "category": "action",
      "title": null,
      "properties": {}
    },
    {
      "version": "0.3.0",
      "scope": "node",
      "name": "UseSkill",
      "category": "action",
      "title": null,
      "properties": {}
    },
    {
      "version": "0.3.0",
      "scope": "node",
      "name": "WalkTo",
      "category": "action",
      "title": null,
      "properties": {}
    },
    {
      "version": "0.3.0",
      "scope": "node",
      "name": "WalkToPoint",
      "category": "action",
      "title": null,
      "properties": {}
    },
    {
      "version": "0.3.0",
      "scope": "node",
      "name": "CondLessInt",
      "category": "condition",
      "title": "",
      "properties": {}
    },
    {
      "version": "0.3.0",
      "scope": "node",
      "name": "IfTrue",
      "category": "decorator",
      "title": null,
      "properties": {}
    },
    {
      "version": "0.3.0",
      "scope": "node",
      "name": "IfFalse",
      "category": "decorator",
      "title": null,
      "properties": {}
    },
    {
      "version": "0.3.0",
      "scope": "node",
      "name": "Random",
      "category": "composite",
      "title": null,
      "properties": {}
    },
    {
      "version": "0.3.0",
      "scope": "node",
      "name": "SetValue",
      "category": "action",
      "title": null,
      "properties": {}
    },
    {
      "version": "0.3.0",
      "scope": "node",
      "name": "CondLess",
      "category": "decorator",
      "title": null,
      "properties": {}
    },
    {
      "version": "0.3.0",
      "scope": "node",
      "name": "CondEqualValue",
      "category": "decorator",
      "title": null,
      "properties": {}
    },
    {
      "version": "0.3.0",
      "scope": "node",
      "name": "Loop",
      "category": "composite",
      "title": "Loop(<maxLoop>)",
      "properties": {}
    },
    {
      "version": "0.3.0",
      "scope": "node",
      "name": "SNKFindAvoidAngle",
      "category": "action",
      "title": null,
      "properties": {}
    },
    {
      "version": "0.3.0",
      "scope": "node",
      "name": "FindDeadBody",
      "category": "action",
      "title": null,
      "properties": {}
    },
    {
      "version": "0.3.0",
      "scope": "node",
      "name": "CondMidValue",
      "category": "decorator",
      "title": "CondMidValue<index> <min>-<max>",
      "properties": {}
    },
    {
      "version": "0.3.0",
      "scope": "node",
      "name": "CondMoreValue",
      "category": "decorator",
      "title": "CondMoreValue[<index>]><value>",
      "properties": {}
    },
    {
      "version": "0.3.0",
      "scope": "node",
      "name": "SNKSpeedUp",
      "category": "action",
      "title": "SNKSpeedUp isOn:<IsOn>",
      "properties": {}
    },
    {
      "version": "0.3.0",
      "scope": "node",
      "name": "RandSetValue",
      "category": "action",
      "title": "RandSetValue[<StoreIndex>]:[<RandMin>-<RandMax>]",
      "properties": {}
    },
    {
      "version": "0.3.0",
      "scope": "node",
      "name": "SNKTurnIndex",
      "category": "action",
      "title": "SNKTurnIndex<AngleIndex>",
      "properties": {}
    },
    {
      "version": "0.3.0",
      "scope": "node",
      "name": "CondBoolTrue",
      "category": "decorator",
      "title": "CondBoolTrue <Index>",
      "properties": {}
    },
    {
      "version": "0.3.0",
      "scope": "node",
      "name": "SubTree",
      "category": "action",
      "title": "SubTree(<treeName>)",
      "description": null,
      "properties": {}
    },
    {
      "version": "0.3.0",
      "scope": "node",
      "name": "FindNearUnit",
      "category": "action",
      "title": "FindNearUnit(<index>,<unitKind>)",
      "properties": {}
    },
    {
      "version": "0.3.0",
      "scope": "node",
      "name": "FindAttackTarget",
      "category": "action",
      "title": "FindAttackTarget(<index>,<range>)",
      "properties": {
        "index": "attackTarget",
        "range": 4
      }
    },
    {
      "version": "0.3.0",
      "scope": "node",
      "name": "CheckNearAttackPlayer",
      "category": "condition",
      "title": "CheckNearAttackPlayer(<index>)",
      "properties": {
        "index": "attackTarget"
      }
    },
    {
      "version": "0.3.0",
      "scope": "node",
      "name": "TurnTargetPlayer",
      "category": "action",
      "title": "TurnTargetPlayer(<index>)",
      "properties": {
        "index": "attackTarget"
      }
    },
    {
      "version": "0.3.0",
      "scope": "node",
      "name": "CheckDis",
      "category": "condition",
      "title": "CheckDis(<index>,<dis>)",
      "description": null,
      "properties": {}
    },
    {
      "version": "0.3.0",
      "scope": "node",
      "name": "SendFace",
      "category": "action",
      "title": "SendFace(<rand>,<face>)",
      "properties": {
        "rand": 100,
        "face": "emo1,emo2,emo3,emo4,emo5"
      }
    },
    {
      "version": "0.3.0",
      "scope": "node",
      "name": "SpeedUp",
      "category": "action",
      "title": "SpeedUp(<isOn>)",
      "properties": {}
    },
    {
      "version": "0.3.0",
      "scope": "node",
      "name": "BBCastSkill",
      "category": "action",
      "title": "BBCastSkill(<skillid>)",
      "description": null,
      "properties": {}
    },
    {
      "version": "0.3.0",
      "scope": "node",
      "name": "EnemyToAttackTarget",
      "category": "action",
      "title": "EnemyToAttackTarget(<index1>, <index2>)",
      "description": null,
      "properties": {
        "index1": "enemy",
        "index2": "attackTarget"
      }
    },
    {
      "version": "0.3.0",
      "scope": "node",
      "name": "HpMoreThan",
      "category": "condition",
      "title": "HpMoreThan(<rate>)",
      "description": null,
      "properties": {
        "rate": 0.5
      }
    },
    {
      "version": "0.3.0",
      "scope": "node",
      "name": "Parallel",
      "category": "composite",
      "title": "Parallel(<fail_cond>, <succ_cond>)",
      "properties": {
        "fail_cond": 0,
        "succ_cond": 0
      }
    },
    {
      "version": "0.3.0",
      "scope": "node",
      "name": "CompositeSkillMemSeq",
      "category": "composite",
      "title": "CompositeSkillMemSeq",
      "description": null,
      "properties": {}
    },
    {
      "version": "0.3.0",
      "scope": "node",
      "name": "ActionThrowBall",
      "category": "action",
      "title": "ActionThrowBall",
      "description": "投掷一个球(锤子、炸弹等)\nball_type: 球类型\nspeed: 球移动的速度\nball_skill: 球技能",
      "properties": {
        "ball_type": 0,
        "speed": 0,
        "ball_skill": 0
      }
    },
    {
      "version": "0.3.0",
      "scope": "node",
      "name": "CheckSkill",
      "category": "condition",
      "title": "CheckSkill",
      "description": "检查角色身上 是否有某技能未开始执行",
      "properties": {
        "skillid": 0
      }
    },
    {
      "version": "0.3.0",
      "scope": "node",
      "name": "ActionNextSceneRander5",
      "category": "action",
      "title": "ActionNextSceneRander5",
      "description": "等待，直到n个Scene::rander5()被执行",
      "properties": {
        "canAttack": 0,
        "n": 5
      }
    },
    {
      "version": "0.3.0",
      "scope": "node",
      "name": "ActionAttack1",
      "category": "action",
      "title": "ActionAttack1",
      "description": "三段式攻击第一段 - 即普通攻击",
      "properties": {
        "skillid": 100
      }
    },
    {
      "version": "0.3.0",
      "scope": "node",
      "name": "ActionAttack2",
      "category": "action",
      "title": "ActionAttack2",
      "description": "三段式攻击 - 第二段",
      "properties": {
        "skillid": 101
      }
    },
    {
      "version": "0.3.0",
      "scope": "node",
      "name": "ActionAttack3",
      "category": "action",
      "title": "ActionAttack3",
      "description": "三段式攻击 - 第三段",
      "properties": {
        "skillid": 102
      }
    },
    {
      "version": "0.3.0",
      "scope": "node",
      "name": "MoveCtrl",
      "category": "action",
      "title": "MoveCtrl(<isOn>)",
      "description": null,
      "properties": {
        "isOn": 1
      }
    },
    {
      "version": "0.3.0",
      "scope": "node",
      "name": "CheckDis2",
      "category": "action",
      "title": "CheckDis2(<index>, <dis>)",
      "description": null,
      "properties": {
        "dis": 0
      }
    }
  ]
}