{
    "title": "A Behavior Tree",
    "description": "",
    "root": "2cc4a19b-394a-46d5-b073-0175f1825fd6",
    "display": {
        "camera_x": 1140.5013075857369,
        "camera_y": 656.0006131609954,
        "camera_z": 0.75,
        "x": -1008,
        "y": 80
    },
    "properties": {},
    "nodes": {
        "2cc4a19b-394a-46d5-b073-0175f1825fd6": {
            "id": "2cc4a19b-394a-46d5-b073-0175f1825fd6",
            "name": "Priority",
            "title": "Priority",
            "description": "",
            "display": {
                "x": -800,
                "y": 80
            },
            "parameters": {},
            "properties": {},
            "children": [
                "72870f36-c326-44d5-bca1-246186aa924c",
                "c8f0b862-8ea0-4492-b963-1e8c0038c108",
                "1e7a147c-f443-4142-886a-6bf6eace27ba",
                "dc02bd61-9742-4e11-88bf-a00736005785",
                "13b42a0d-71f5-427c-8be3-5c2e6bbecb9d"
            ]
        },
        "13b42a0d-71f5-427c-8be3-5c2e6bbecb9d": {
            "id": "13b42a0d-71f5-427c-8be3-5c2e6bbecb9d",
            "name": "MemSequence",
            "title": "MemSequenceFree",
            "description": "",
            "display": {
                "x": -256,
                "y": 400
            },
            "parameters": {},
            "properties": {},
            "children": [
                "6201893a-8f52-4a37-941e-a5da819a876b",
                "2e6de3c3-7fa5-4fb2-a1f8-92864b2878f3",
                "25ae98c8-7e9a-4f6f-8555-5d4eb47525ac"
            ]
        },
        "fcfc4890-001e-4511-8fa9-a423401d4acb": {
            "id": "fcfc4890-001e-4511-8fa9-a423401d4acb",
            "name": "AttrLimit",
            "title": "AttrLimit[<attr>]<<limit>",
            "description": "属性小于固定值",
            "display": {
                "x": 16,
                "y": -112
            },
            "parameters": {},
            "properties": {
                "limit": 80,
                "attr": 2
            }
        },
        "25ae98c8-7e9a-4f6f-8555-5d4eb47525ac": {
            "id": "25ae98c8-7e9a-4f6f-8555-5d4eb47525ac",
            "name": "Wait",
            "title": "Wait <milliseconds>msfree",
            "description": "",
            "display": {
                "x": -64,
                "y": 464
            },
            "parameters": {},
            "properties": {
                "milliseconds": 3000
            }
        },
        "2e6de3c3-7fa5-4fb2-a1f8-92864b2878f3": {
            "id": "2e6de3c3-7fa5-4fb2-a1f8-92864b2878f3",
            "name": "TurnIndex",
            "title": "TurnIndex[<index>]",
            "description": "转向",
            "display": {
                "x": -80,
                "y": 400
            },
            "parameters": {},
            "properties": {
                "index": "randAngle"
            }
        },
        "6201893a-8f52-4a37-941e-a5da819a876b": {
            "id": "6201893a-8f52-4a37-941e-a5da819a876b",
            "name": "Rand",
            "title": "Rand[<index>]",
            "description": "随机，结果值设置到index",
            "display": {
                "x": -80,
                "y": 352
            },
            "parameters": {},
            "properties": {
                "index": "randAngle",
                "min": "",
                "max": 360
            }
        },
        "196b641b-d963-425c-8578-119c2c115689": {
            "id": "196b641b-d963-425c-8578-119c2c115689",
            "name": "CheakBall",
            "title": "CheakBall[<index>]",
            "description": "球是否存在",
            "display": {
                "x": -160,
                "y": -256
            },
            "parameters": {},
            "properties": {
                "index": "foodTarget"
            }
        },
        "a3fa2c89-8efe-48a2-829a-a7544cda0891": {
            "id": "a3fa2c89-8efe-48a2-829a-a7544cda0891",
            "name": "TurnTarget",
            "title": "TurnTarget[<index>]",
            "description": "转到目标对象",
            "display": {
                "x": -176,
                "y": -160
            },
            "parameters": {},
            "properties": {
                "index": "foodTarget"
            }
        },
        "c9054f92-0a55-4b30-8ef5-c148bb75f5ea": {
            "id": "c9054f92-0a55-4b30-8ef5-c148bb75f5ea",
            "name": "FindNearUnit",
            "title": "FindNearUnit[<index>]<unitKind>w",
            "description": "寻找附近单位",
            "display": {
                "x": -144,
                "y": 288
            },
            "parameters": {},
            "properties": {
                "index": "foodTarget",
                "unitKind": 2
            }
        },
        "cccbc462-caef-4c16-8bd7-8b564d0eb9d5": {
            "id": "cccbc462-caef-4c16-8bd7-8b564d0eb9d5",
            "name": "FindNearUnit",
            "title": "FindNearUnit[<index>]<unitKind>all",
            "description": "寻找附近单位",
            "display": {
                "x": -16,
                "y": 192
            },
            "parameters": {},
            "properties": {
                "index": "foodTarget",
                "unitKind": 6
            }
        },
        "631c087b-3cab-46f3-86b9-c603db5e5352": {
            "id": "631c087b-3cab-46f3-86b9-c603db5e5352",
            "name": "Wait",
            "title": "Wait",
            "description": "",
            "display": {
                "x": -240,
                "y": -352
            },
            "parameters": {
                "milliseconds": ""
            },
            "properties": {
                "milliseconds": 1000
            }
        },
        "4ac70c55-8a3e-4e53-8c6d-ea1f2464a12e": {
            "id": "4ac70c55-8a3e-4e53-8c6d-ea1f2464a12e",
            "name": "Sequence",
            "title": "SequenceMogu",
            "description": "",
            "display": {
                "x": -208,
                "y": 32
            },
            "parameters": {},
            "properties": {},
            "children": [
                "2d3bbbd0-bb88-4884-8453-91e5e7dd71f9",
                "d68931ea-8d3c-4ba5-822a-86f44bf65d8f"
            ]
        },
        "1cc2032d-1a9b-4f76-8f48-06d9d6f8f8e3": {
            "id": "1cc2032d-1a9b-4f76-8f48-06d9d6f8f8e3",
            "name": "AttrLimit",
            "title": "AttrLimit[<attr>]<<limit>",
            "description": "",
            "display": {
                "x": 128,
                "y": 16
            },
            "parameters": {},
            "properties": {
                "limit": 3,
                "attr": 6
            }
        },
        "2d3bbbd0-bb88-4884-8453-91e5e7dd71f9": {
            "id": "2d3bbbd0-bb88-4884-8453-91e5e7dd71f9",
            "name": "Inverter",
            "title": "Inverter",
            "description": "",
            "display": {
                "x": -80,
                "y": 16
            },
            "parameters": {},
            "properties": {},
            "child": "1cc2032d-1a9b-4f76-8f48-06d9d6f8f8e3"
        },
        "d68931ea-8d3c-4ba5-822a-86f44bf65d8f": {
            "id": "d68931ea-8d3c-4ba5-822a-86f44bf65d8f",
            "name": "FindNearUnit",
            "title": "FindNearUnit[<index>]<unitKind>mg",
            "description": "",
            "display": {
                "x": 32,
                "y": 80
            },
            "parameters": {},
            "properties": {
                "index": "foodTarget",
                "unitKind": 8
            }
        },
        "1e7a147c-f443-4142-886a-6bf6eace27ba": {
            "id": "1e7a147c-f443-4142-886a-6bf6eace27ba",
            "name": "Sequence",
            "title": "SequenceWalkTarget",
            "description": "",
            "display": {
                "x": -384,
                "y": -208
            },
            "parameters": {},
            "properties": {},
            "children": [
                "196b641b-d963-425c-8578-119c2c115689",
                "2cde5135-96a8-49d3-8566-a7045f598ed1",
                "a3fa2c89-8efe-48a2-829a-a7544cda0891"
            ]
        },
        "977c7246-f02b-4e1c-9d63-bada8023a716": {
            "id": "977c7246-f02b-4e1c-9d63-bada8023a716",
            "name": "TurnAwayTarget",
            "title": "TurnAwayTarget",
            "description": "",
            "display": {
                "x": -240,
                "y": -448
            },
            "parameters": {},
            "properties": {
                "index": "enemy"
            }
        },
        "e9866361-0b7a-4872-b434-fcb57854233c": {
            "id": "e9866361-0b7a-4872-b434-fcb57854233c",
            "name": "SpeedUp",
            "title": "SpeedUp",
            "description": "",
            "display": {
                "x": -240,
                "y": -400
            },
            "parameters": {},
            "properties": {
                "isOn": 1
            }
        },
        "c8f0b862-8ea0-4492-b963-1e8c0038c108": {
            "id": "c8f0b862-8ea0-4492-b963-1e8c0038c108",
            "name": "MemSequence",
            "title": "MemSequenceEvo",
            "description": "",
            "display": {
                "x": -464,
                "y": -352
            },
            "parameters": {},
            "properties": {},
            "children": [
                "a13e3bda-c605-4806-aaca-cf4bedc18df7",
                "977c7246-f02b-4e1c-9d63-bada8023a716",
                "e9866361-0b7a-4872-b434-fcb57854233c",
                "631c087b-3cab-46f3-86b9-c603db5e5352",
                "e80541d8-ecff-414b-88a6-4796d713ee79"
            ]
        },
        "e80541d8-ecff-414b-88a6-4796d713ee79": {
            "id": "e80541d8-ecff-414b-88a6-4796d713ee79",
            "name": "SpeedUp",
            "title": "SpeedUp",
            "description": "",
            "display": {
                "x": -240,
                "y": -304
            },
            "parameters": {},
            "properties": {
                "isOn": ""
            }
        },
        "a13e3bda-c605-4806-aaca-cf4bedc18df7": {
            "id": "a13e3bda-c605-4806-aaca-cf4bedc18df7",
            "name": "CheckNearPlayer",
            "title": "CheckNearPlayer",
            "description": "",
            "display": {
                "x": -240,
                "y": -512
            },
            "parameters": {},
            "properties": {
                "index": "enemy"
            }
        },
        "2cde5135-96a8-49d3-8566-a7045f598ed1": {
            "id": "2cde5135-96a8-49d3-8566-a7045f598ed1",
            "name": "SpeedUp",
            "title": "SpeedUp",
            "description": "",
            "display": {
                "x": -144,
                "y": -208
            },
            "parameters": {},
            "properties": {
                "isOn": ""
            }
        },
        "824bd1ad-de4d-4d09-8a69-abd8fead54d4": {
            "id": "824bd1ad-de4d-4d09-8a69-abd8fead54d4",
            "name": "Priority",
            "title": "PriorityFindFood",
            "description": "",
            "display": {
                "x": -304,
                "y": 80
            },
            "parameters": {},
            "properties": {},
            "children": [
                "4ac70c55-8a3e-4e53-8c6d-ea1f2464a12e",
                "cccbc462-caef-4c16-8bd7-8b564d0eb9d5"
            ]
        },
        "b57e5a30-260a-4934-8886-4d543622c112": {
            "id": "b57e5a30-260a-4934-8886-4d543622c112",
            "name": "Inverter",
            "title": "Inverter",
            "description": "",
            "display": {
                "x": -176,
                "y": -80
            },
            "parameters": {},
            "properties": {},
            "child": "fcfc4890-001e-4511-8fa9-a423401d4acb"
        },
        "a33c3b1f-8cca-481e-b159-0e4f965e59c2": {
            "id": "a33c3b1f-8cca-481e-b159-0e4f965e59c2",
            "name": "Sequence",
            "title": "SequenceHaveWater",
            "description": "",
            "display": {
                "x": -384,
                "y": 16
            },
            "parameters": {},
            "properties": {},
            "children": [
                "b57e5a30-260a-4934-8886-4d543622c112",
                "824bd1ad-de4d-4d09-8a69-abd8fead54d4"
            ]
        },
        "dc02bd61-9742-4e11-88bf-a00736005785": {
            "id": "dc02bd61-9742-4e11-88bf-a00736005785",
            "name": "Priority",
            "title": "PriorityFindFood",
            "description": "",
            "display": {
                "x": -496,
                "y": 80
            },
            "parameters": {},
            "properties": {},
            "children": [
                "a33c3b1f-8cca-481e-b159-0e4f965e59c2",
                "c9054f92-0a55-4b30-8ef5-c148bb75f5ea"
            ]
        },
        "fccee175-b621-48d7-8b88-e5c57b45b0ed": {
            "id": "fccee175-b621-48d7-8b88-e5c57b45b0ed",
            "name": "CheckBool",
            "title": "CheckBool",
            "description": "",
            "display": {
                "x": -480,
                "y": -736
            },
            "parameters": {},
            "properties": {
                "keyname": "isStop"
            }
        },
        "5b3d2cee-d0c3-46a4-803f-d7acf5be4a21": {
            "id": "5b3d2cee-d0c3-46a4-803f-d7acf5be4a21",
            "name": "Rand",
            "title": "Rand[<index>]",
            "description": "随机，结果值设置到index",
            "display": {
                "x": -480,
                "y": -688
            },
            "parameters": {},
            "properties": {
                "index": "randAngle",
                "min": "",
                "max": 360
            }
        },
        "72870f36-c326-44d5-bca1-246186aa924c": {
            "id": "72870f36-c326-44d5-bca1-246186aa924c",
            "name": "MemSequence",
            "title": "MemSequence",
            "description": "",
            "display": {
                "x": -656,
                "y": -640
            },
            "parameters": {},
            "properties": {},
            "children": [
                "fccee175-b621-48d7-8b88-e5c57b45b0ed",
                "5b3d2cee-d0c3-46a4-803f-d7acf5be4a21",
                "403c470d-7951-4785-897d-d6d5a68e888d",
                "6d2cdba3-4d79-4320-be89-efa73bca7b5e"
            ]
        },
        "403c470d-7951-4785-897d-d6d5a68e888d": {
            "id": "403c470d-7951-4785-897d-d6d5a68e888d",
            "name": "TurnIndex",
            "title": "TurnIndex[<index>]",
            "description": "转向",
            "display": {
                "x": -496,
                "y": -640
            },
            "parameters": {},
            "properties": {
                "index": "randAngle"
            }
        },
        "6d2cdba3-4d79-4320-be89-efa73bca7b5e": {
            "id": "6d2cdba3-4d79-4320-be89-efa73bca7b5e",
            "name": "Wait",
            "title": "Wait <milliseconds>msfree",
            "description": "",
            "display": {
                "x": -464,
                "y": -592
            },
            "parameters": {
                "milliseconds": ""
            },
            "properties": {
                "milliseconds": 3000
            }
        }
    },
    "custom_nodes": [
        {
            "name": "Log",
            "title": "Log",
            "category": "action"
        },
        {
            "name": "AttrLimit",
            "title": "AttrLimit[<attr>]<<limit>",
            "category": "condition"
        },
        {
            "name": "Rand",
            "title": "Rand[<index>]",
            "category": "action"
        },
        {
            "name": "TurnIndex",
            "title": "TurnIndex[<index>]",
            "category": "action"
        },
        {
            "name": "CheakBall",
            "title": "CheakBall[<index>]",
            "category": "condition"
        },
        {
            "name": "TurnTarget",
            "title": "TurnTarget[<index>]",
            "category": "action"
        },
        {
            "name": "FindNearUnit",
            "title": "FindNearUnit[<index>]<unitKind>",
            "category": "action"
        },
        {
            "name": "CheckEnemyNear",
            "title": "CheckEnemyNear",
            "category": "condition"
        },
        {
            "name": "TurnAwayTarget",
            "title": "TurnAwayTarget",
            "category": "action"
        },
        {
            "name": "SpeedUp",
            "title": "SpeedUp",
            "category": "action"
        },
        {
            "name": "CheckNearPlayer",
            "title": "CheckNearPlayer",
            "category": "condition"
        },
        {
            "name": "FindAttackTarget",
            "title": "FindAttackTarget",
            "category": "action"
        },
        {
            "name": "CheckNearAttackPlayer",
            "title": "CheckNearAttackPlayer",
            "category": "condition"
        },
        {
            "name": "TurnTargetPlayer",
            "title": "TurnTargetPlayer",
            "category": "action"
        },
        {
            "name": "CheckBool",
            "title": "CheckBool",
            "category": "condition"
        }
    ]
}