<?xml version="1.0" encoding="utf-8" ?>
<config>
<item  ID="1" account="BOS30000001"/>
<item  ID="2" account="yangjingwei"/>
<item  ID="3" account="88888"/>
<item  ID="4" account="小蘑菇"/>
<item  ID="5" account="yyf"/>
<item  ID="6" account="帅气赵哥"/>
<item  ID="7" account="熊吉"/>
<item  ID="8" account="pet"/>
<item  ID="9" account="作业"/>
<item  ID="10" account="老纳姓王"/>
<item  ID="11" account="BOS30105688"/>
<item  ID="12" account="BOS30000026"/>
</config>
